<?xml version="1.0" encoding="UTF-8"?>
<modes>

  <!-- eng → cat -->

  <mode name="eng-cat" install="yes" gendebug="yes">
    <pipeline>
      <program name="lt-proc -w">
        <file name="eng-cat.automorf.bin"/>
      </program>


      <program name="cg-proc -w">
        <file name="eng-cat.rlx.bin"/>
      </program>
      <program name="apertium-tagger -g $2">
        <file name="eng-cat.prob"/>
      </program>
      <program name="apertium-pretransfer"/>
      <program name="lt-proc -b">
        <file name="eng-cat.autobil.bin"/>
      </program>
      <program name="lrx-proc">
        <file name="eng-cat.autolex.bin"/>
      </program>
      <program name="apertium-transfer -b">
        <file name="apertium-eng-cat.eng-cat.t1x"/>
        <file name="eng-cat.t1x.bin"/>
      </program>
      <program name="apertium-interchunk">
        <file name="apertium-eng-cat.eng-cat.t2x"/>
        <file name="eng-cat.t2x.bin"/>
      </program>
      <program name="apertium-postchunk">
        <file name="apertium-eng-cat.eng-cat.t3x"/>
        <file name="eng-cat.t3x.bin"/>
      </program>
      <program name="lt-proc $1">
        <file name="eng-cat.autogen.bin"/>
      </program>

      <program name="lt-proc -p">
        <file name="eng-cat.autopgen.bin"/>
      </program>
    </pipeline>
  </mode>

  <!-- cat → eng -->

  <mode name="cat-eng" install="yes" gendebug="yes">
    <pipeline>
      <program name="lt-proc -w">
        <file name="cat-eng.automorf.bin"/>
      </program>


      <program name="cg-proc -w">
        <file name="cat-eng.rlx.bin"/>
      </program>
      <program name="apertium-tagger -g $2">
        <file name="cat-eng.prob"/>
      </program>
      <program name="apertium-pretransfer"/>
      <program name="lt-proc -b">
        <file name="cat-eng.autobil.bin"/>
      </program>
      <program name="lrx-proc">
        <file name="cat-eng.autolex.bin"/>
      </program>
      <program name="apertium-transfer -b">
        <file name="apertium-eng-cat.cat-eng.t1x"/>
        <file name="cat-eng.t1x.bin"/>
      </program>
      <program name="apertium-interchunk">
        <file name="apertium-eng-cat.cat-eng.t2x"/>
        <file name="cat-eng.t2x.bin"/>
      </program>
      <program name="apertium-postchunk">
        <file name="apertium-eng-cat.cat-eng.t3x"/>
        <file name="cat-eng.t3x.bin"/>
      </program>
      <program name="lt-proc $1">
        <file name="cat-eng.autogen.bin"/>
      </program>

      <program name="lt-proc -p">
        <file name="cat-eng.autopgen.bin"/>
      </program>
    </pipeline>
  </mode>
</modes>

