<?xml version="1.0" encoding="UTF-8"?>
<modes>

  <mode name="cat-morph" install="yes">
    <pipeline>
      <program name="lt-proc -w">
        <file name="cat.automorf.bin"/>
      </program>
    </pipeline>
  </mode>

  <mode name="cat-gener" install="yes">
    <pipeline>
      <program name="lt-proc -g">
        <file name="cat.autogen.bin"/>
      </program>
    </pipeline>
  </mode>

  <mode name="cat-tagger" install="yes">
    <pipeline>
      <program name="lt-proc -w">
        <file name="cat.automorf.bin"/>
      </program>
      <program name="cg-proc -w">
        <file name="cat.rlx.bin"/>
      </program>
    </pipeline>
  </mode>

  <mode name="cat-disam" install="yes">
    <pipeline>
      <program name="lt-proc -w">
        <file name="cat.automorf.bin"/>
      </program>
      <program name="cg-conv -a -l" />
      <program name="vislcg3 --trace -g">
        <file name="apertium-cat.cat.rlx"/>
      </program>
    </pipeline>
  </mode>

</modes>

