<?xml version="1.0" encoding="UTF-8"?>
<modes>

  <mode name="eng-morph" install="yes">
    <pipeline>
      <program name="lt-proc -w">
        <file name="eng.automorf.bin"/>
      </program>
    </pipeline>
  </mode>

  <mode name="eng-gener" install="yes">
    <pipeline>
      <program name="lt-proc -g">
        <file name="eng.autogen.bin"/>
      </program>
    </pipeline>
  </mode>

  <mode name="eng-tagger" install="yes">
    <pipeline>
      <program name="lt-proc -w">
        <file name="eng.automorf.bin"/>
      </program>
      <program name="cg-proc -w">
        <file name="eng.rlx.bin"/>
      </program>
    </pipeline>
  </mode>

  <mode name="eng-disam" install="yes">
    <pipeline>
      <program name="lt-proc -w">
        <file name="eng.automorf.bin"/>
      </program>
      <program name="cg-conv -a -l" />
      <program name="vislcg3 --trace -g">
        <file name="apertium-eng.eng.rlx"/>
      </program>
    </pipeline>
  </mode>

</modes>

